<?xml version="1.0" encoding="UTF-8"?><?xml-stylesheet type='text/xsl' href='_UpgradeReport_Files/UpgradeReport.xslt'?><UpgradeLog>
<Properties><Property Name="Solution" Value="Collision3">
</Property><Property Name="ソリューション ファイル" Value="C:\CppNetOpenGL2005Sta\第6章\Collision3\Collision3.sln">
</Property><Property Name="Date" Value="2006年9月7日">
</Property><Property Name="Time" Value="17:25">
</Property></Properties><Event ErrorLevel="0" Project="Collision3" Source="Collision3.vcproj" Description="Visual C++ はセキュリティで保護された C ランタイム ライブラリ バージョンをサポートします。このライブラリの使用は既定でオンにされています。プロジェクトをビルドするときに、使用できない機能についての警告が表示されるかもしれません。コードをより安全にするために、これらの警告を修正してください。">
</Event><Event ErrorLevel="0" Project="Collision3" Source="Collision3.vcproj" Description="C/C++ コンパイラの既定の設定は、ISO 標準の C++ により準拠するように編集されました。変更には、ループ スコープに対して標準 C++ を適用したり、wchar_t をネイティブ型としてサポートすることなどが含まれます。これらの変更によって、既存のコードが、コードへの変更、またはビルドされたときのコンパイラ オプションを含まずに、コンパイルされることがなくなる可能性があります。">
</Event><Event ErrorLevel="0" Project="Collision3" Source="Collision3.vcproj" Description="重要: Visual Studio のこのリリースでは、C++ 言語の CLR コードのサポートが大幅に変更されました。Visual Studio 2002 および Visual Studio 2003 で  C/C++ コンパイラ スイッチ /clr の使用と同等だった &quot;マネージ拡張の使用&quot;  プロパティが 、新機能をサポートするためいくつかのスイッチに拡張されました。/clr は /clr:oldSyntax に変換されましたが、スイッチの互換性に関する問題に注意してください。たとえば、/Zl は Visual Studio 2003 で作成されたプロジェクトに追加されましたが、現在は適切でない可能性があります。ユーザーが使用する特定のプロジェクトでは必要な可能性があるので、削除されていません。&#xA;詳細 および追加情報については、MSDN のトピック 「C++ マネージ拡張の構文アップグレード チェックリスト 」 を参照してください。">
</Event><Event ErrorLevel="1" Project="Collision3" Source="Collision3.vcproj" Description="静的にリンクされたマネージ コード用のランタイム ライブラリの使用が現在サポートされていないため、共通言語ランタイムをサポートしているプロジェクトは、ランタイム ライブラリ (/MDd, /MD) へのダイナミック リンクを使用するように変換されました。ランタイム ライブラリへ動的にリンクすると、以前にランタイム ライブラリの静的リンクに依存したコードとの互換性がなくなる可能性があります。">
</Event><Event ErrorLevel="1" Project="Collision3" Source="Collision3.vcproj" Description="Visual C++ プロジェクトが埋め込み (既定で) Windows SxS マニフェストを生成するための必要条件によって、プロジェクト内のマニフェスト ファイルは、マニフェスト ツールを使用してビルドすることから自動的に除外されます。すべてのマニフェスト ファイルに含まれる依存関係情報を、ソース コードからインクルードされたヘッダー ファイル内で、&quot;#pragma コメント(リンカ、&quot;&lt;依存関係をここに挿入&gt;&quot;)&quot; に変換することをお勧めします。プロジェクトが、リソース (.rc) ファイルをとおして RT_MANIFEST リソース セクションにマニフェストを埋め込んでいる場合、プロジェクトが正しくビルドされる前に、行をコメント アウトしなければなりません。">
</Event><Event ErrorLevel="1" Project="Collision3" Source="Collision3.vcproj" Description="C++ コンパイラの準拠の変更によって、プロジェクトがビルドする前にコード変更が必要になる場合があります。C++ コンパイラの旧バージョンは、メンバ関数名 (例: MemberFunctionName) によるメンバ関数ポインタの指定を許可していました。C++ 標準では、演算子のアドレスを使用した完全修飾名 (例: &amp;ClassName::MemberFunctionName) が必要です。プロジェクトが Windows フォーム デザイナで使用されたフォームやコントロールを含む場合は、デザイナが生成したコードがデリゲート構築で規格外の構文を使ったため (イベント ハンドラを使用して)、InitializeComponent でコード変更をしなければならない可能性があります。">
</Event><Event ErrorLevel="0" Project="Collision3" Source="Collision3.vcproj" Description="プロジェクトは正常にアップグレードされました。">
</Event><Event ErrorLevel="3" Project="Collision3" Source="Collision3.vcproj" Description="Converted">
</Event><Event ErrorLevel="0" Project="" Source="Collision3.sln" Description="ソリューションは正常に変換されました">
</Event><Event ErrorLevel="3" Project="" Source="Collision3.sln" Description="Converted">
</Event></UpgradeLog>